{
    "eta": 0.07817368036497939,
    "max_depth": 9,
    "max_leaves": 232,
    "min_child_weight": 2.4954553879848973,
    "gamma": 0.94975118290254,
    "subsample": 0.8841508583389848,
    "colsample_bytree": 0.9083836984821234,
    "lambda": 0.21480841886501517,
    "alpha": 0.3038994755069984,
    "scale_pos_weight": 0.9493649225257251,
    "max_bin": 277,
    "max_cat_to_onehot": 8,
    "objective": "binary:logistic",
    "eval_metric": [
        "logloss",
        "auc"
    ],
    "grow_policy": "lossguide",
    "missing": NaN,
    "tree_method": "gpu_hist",
    "gpu_id": 0,
    "enable_categorical": true
}