{
    "test": {
        "by_surface": {},
        "overall": {
            "accuracy": 0.8513630206223117,
            "balanced_accuracy": 0.8513717166522642,
            "precision": 0.8464131814470163,
            "recall": 0.8580326847738784,
            "f1": 0.8521833270249041,
            "roc_auc": 0.923091199992498,
            "pr_auc": 0.9213536623923851,
            "log_loss": 0.3528091187724234,
            "brier_score": 0.10915118938198629,
            "tn": 103336,
            "fp": 18997,
            "fn": 17322,
            "tp": 104692,
            "confusion_matrix": [
                [
                    103336,
                    18997
                ],
                [
                    17322,
                    104692
                ]
            ],
            "classification_report": {
                "0": {
                    "precision": 0.8564372026720151,
                    "recall": 0.84471074853065,
                    "f1-score": 0.8505335588560893,
                    "support": 122333.0
                },
                "1": {
                    "precision": 0.8464131814470163,
                    "recall": 0.8580326847738784,
                    "f1-score": 0.8521833270249041,
                    "support": 122014.0
                },
                "accuracy": 0.8513630206223117,
                "macro avg": {
                    "precision": 0.8514251920595157,
                    "recall": 0.8513717166522642,
                    "f1-score": 0.8513584429404967,
                    "support": 244347.0
                },
                "weighted avg": {
                    "precision": 0.8514317353417553,
                    "recall": 0.8513630206223117,
                    "f1-score": 0.8513573660374738,
                    "support": 244347.0
                }
            }
        }
    },
    "validation": {
        "by_surface": null,
        "overall": {
            "accuracy": 0.859432935263929,
            "balanced_accuracy": 0.8594312416063742,
            "precision": 0.8549072518097208,
            "recall": 0.8658974673704022,
            "f1": 0.8603672641382871,
            "roc_auc": 0.9309055800074534,
            "pr_auc": 0.9297783774274527,
            "log_loss": 0.3355841530803962,
            "brier_score": 0.10316475349003684,
            "tn": 104182,
            "fp": 17959,
            "fn": 16388,
            "tp": 105817,
            "confusion_matrix": [
                [
                    104182,
                    17959
                ],
                [
                    16388,
                    105817
                ]
            ],
            "classification_report": {
                "0": {
                    "precision": 0.8640789582814963,
                    "recall": 0.8529650158423462,
                    "f1-score": 0.858486018351043,
                    "support": 122141.0
                },
                "1": {
                    "precision": 0.8549072518097208,
                    "recall": 0.8658974673704022,
                    "f1-score": 0.8603672641382871,
                    "support": 122205.0
                },
                "accuracy": 0.859432935263929,
                "macro avg": {
                    "precision": 0.8594931050456085,
                    "recall": 0.8594312416063742,
                    "f1-score": 0.8594266412446651,
                    "support": 244346.0
                },
                "weighted avg": {
                    "precision": 0.859491903902119,
                    "recall": 0.859432935263929,
                    "f1-score": 0.8594268876160613,
                    "support": 244346.0
                }
            }
        }
    },
    "selected_features": [
        "player_elo_diff",
        "win_rate_5_diff",
        "player1_win_rate_5",
        "player2_win_rate_5",
        "loss_streak_diff",
        "win_rate_hard_overall_diff",
        "player2_win_rate_clay_overall",
        "player2_serve_efficiency_5",
        "player1_win_rate_clay_overall",
        "win_rate_clay_overall_diff",
        "player1_serve_efficiency_5",
        "player2_loss_streak",
        "player1_loss_streak",
        "win_streak_diff",
        "player1_win_rate_clay_5",
        "player2_win_rate_grass_overall",
        "player1_win_rate_hard_overall",
        "player1_win_rate_hard_5",
        "player2_win_rate_hard_overall",
        "player2_win_rate_hard_5",
        "player1_win_rate_grass_overall",
        "player2_win_rate_clay_5",
        "id",
        "player1_second_serve_win_pct_5",
        "player2_bp_conversion_pct_5",
        "player2_first_serve_win_pct_5",
        "player1_first_serve_win_pct_5",
        "player1_bp_conversion_pct_5",
        "player1_return_efficiency_5",
        "player2_second_serve_win_pct_5",
        "win_rate_grass_overall_diff",
        "player2_return_efficiency_5",
        "player2_win_rate_carpet_overall",
        "player1_win_rate_carpet_overall",
        "serve_efficiency_5_diff",
        "player1_win_streak",
        "player1_win_rate_grass_5",
        "player2_win_streak",
        "win_rate_clay_5_diff",
        "player2_ace_pct_5",
        "player1_ace_pct_5",
        "win_rate_carpet_overall_diff",
        "player2_win_rate_grass_5",
        "player1_bp_saved_pct_5",
        "player2_bp_saved_pct_5",
        "first_serve_win_pct_5_diff",
        "win_rate_hard_5_diff",
        "surface"
    ],
    "feature_importance": {
        "player_elo_diff": 797.7225952148438,
        "win_rate_5_diff": 220.8441925048828,
        "player1_win_rate_5": 153.75027465820312,
        "player2_win_rate_5": 151.84829711914062,
        "loss_streak_diff": 44.43534851074219,
        "win_rate_hard_overall_diff": 41.342594146728516,
        "player2_win_rate_clay_overall": 40.906517028808594,
        "player2_serve_efficiency_5": 40.73305892944336,
        "player1_win_rate_clay_overall": 39.64155197143555,
        "win_rate_clay_overall_diff": 38.73072052001953,
        "player1_serve_efficiency_5": 35.07907485961914,
        "player2_loss_streak": 34.87434768676758,
        "player1_loss_streak": 31.25286293029785,
        "win_streak_diff": 31.04180335998535,
        "player1_win_rate_clay_5": 28.227500915527344,
        "player2_win_rate_grass_overall": 28.19379997253418,
        "player1_win_rate_hard_overall": 27.359439849853516,
        "player1_win_rate_hard_5": 27.288108825683594,
        "player2_win_rate_hard_overall": 27.11426544189453,
        "player2_win_rate_hard_5": 27.06757164001465,
        "player1_win_rate_grass_overall": 26.97170066833496,
        "player2_win_rate_clay_5": 26.757070541381836,
        "id": 25.118314743041992,
        "player1_second_serve_win_pct_5": 24.180002212524414,
        "player2_bp_conversion_pct_5": 23.680583953857422,
        "player2_first_serve_win_pct_5": 22.694528579711914,
        "player1_first_serve_win_pct_5": 22.171405792236328,
        "player1_bp_conversion_pct_5": 20.805377960205078,
        "player1_return_efficiency_5": 20.706119537353516,
        "player2_second_serve_win_pct_5": 20.08229637145996,
        "win_rate_grass_overall_diff": 19.835796356201172,
        "player2_return_efficiency_5": 19.532333374023438,
        "player2_win_rate_carpet_overall": 19.423315048217773,
        "player1_win_rate_carpet_overall": 18.286556243896484,
        "serve_efficiency_5_diff": 18.265024185180664,
        "player1_win_streak": 17.82811737060547,
        "player1_win_rate_grass_5": 16.79846954345703,
        "player2_win_streak": 16.75185203552246,
        "win_rate_clay_5_diff": 15.340841293334961,
        "player2_ace_pct_5": 15.120162010192871,
        "player1_ace_pct_5": 14.910774230957031,
        "win_rate_carpet_overall_diff": 14.880962371826172,
        "player2_win_rate_grass_5": 14.58774185180664,
        "player1_bp_saved_pct_5": 13.853549003601074,
        "player2_bp_saved_pct_5": 13.65084171295166,