{
  "overall": {
    "accuracy": 0.7164162001113185,
    "precision": 0.6982886373039455,
    "recall": 0.7608084516969782,
    "f1": 0.7282091109489853,
    "count": 244344
  },
  "by_surface": {},
  "by_confidence": [
    {
      "confidence_range": "0.5-0.6",
      "accuracy": 0.6607175593922205,
      "count": 185462,
      "percentage": 75.9020070065154
    },
    {
      "confidence_range": "0.6-0.7",
      "accuracy": 0.885286170474085,
      "count": 52923,
      "percentage": 21.6592181514586
    },
    {
      "confidence_range": "0.7-0.8",
      "accuracy": 0.9497764017887856,
      "count": 5814,
      "percentage": 2.3794322758078774
    },
    {
      "confidence_range": "0.8-0.9",
      "accuracy": 0.9655172413793104,
      "count": 145,
      "percentage": 0.05934256621811871
    }
  ],
  "match_level": {
    "match_level_accuracy": 0,
    "prediction_consistency_pct": 0,
    "consistent_predictions": 0,
    "inconsistent_predictions": 0,
    "total_matches": 0
  },
  "timestamp": "2025-03-31T19:42:15.259403"
}