{"accuracy": 0.8496214431272219, "precision": 0.8550153756925103, "recall": 0.8420279162749741, "f1": 0.8484719495196271, "auc": 0.9197806669828754}