{"accuracy": 0.9959321815887001, "precision": 0.0, "recall": 0.0, "f1": 0.0, "auc": 0.541222590886199}